sequence_id	chain_type	v_gene	d_gene	j_gene	fr1_muts	cdr1_muts	fr2_muts	cdr2_muts	fr3_muts	cdr3_muts	fr4_muts	total_muts
AGATCTGAGGTGCAAC-1_contig_1	VL	IGLV3-19*01	N/A	IGLJ3*02	1	3	2	0	2	1	0	9
CAACCAACAGACGCTC-1_contig_2	VL	IGLV3-19*01	N/A	IGLJ3*02	0	0	0	0	0	0	0	0
GGAGCAAGTCATGCCG-1_contig_1	VL	IGLV3-19*01	N/A	IGLJ3*02	0	0	0	0	0	0	0	0
AGCAGCCGTAGATTAG-1_contig_1	VL	IGLV3-19*01	N/A	IGLJ3*02	0	1	2	1	0	1	0	5
TTCTACAGTAGCTCCG-1_contig_1	VL	IGLV3-19*01	N/A	IGLJ3*02	0	1	0	1	1	0	0	3
TCGCGTTAGTGCGATG-1_contig_2	VL	IGLV3-19*01	N/A	IGLJ3*02	0	0	0	0	0	0	0	0
GAATAAGGTTCCATGA-1_contig_1	VL	IGLV3-19*01	N/A	IGLJ3*02	1	1	1	0	2	1	0	6
TCAGATGCAGCGTTCG-1_contig_2	VL	IGLV3-19*01	N/A	IGLJ3*02	1	1	2	2	1	1	2	10
TCCCGATCAGGTCTCG-1_contig_2	VL	IGLV3-19*01	N/A	IGLJ3*02	1	1	2	2	1	0	2	9
ACCCACTCAAGTCTGT-1_contig_1	VL	IGLV3-19*01	N/A	IGLJ3*02	2	0	2	1	0	1	0	6
CGCTTCAGTACAGACG-1_contig_1	VL	IGLV3-19*01	N/A	IGLJ3*02	0	0	2	0	2	4	0	8
