sequence_id	chain_type	v_gene	d_gene	j_gene	region	aa_position	imgt_position	ref_aa	mut_aa	ref_codon	mut_codon	query_nt_pos	is_silent
GCGCGATAGCTAGTGG-1_contig_2	VL	IGLV6-57*01	N/A	IGLJ3*02	FR1-IMGT	3	3	M	K	atg	aag	7	no
GCGCGATAGCTAGTGG-1_contig_2	VL	IGLV6-57*01	N/A	IGLJ3*02	FR1-IMGT	24	24	R	P	cgc	ccc	70	no
GCGCGATAGCTAGTGG-1_contig_2	VL	IGLV6-57*01	N/A	IGLJ3*02	CDR1-IMGT	28	29	S	N	agc	aac	82	no
GCGCGATAGCTAGTGG-1_contig_2	VL	IGLV6-57*01	N/A	IGLJ3*02	CDR1-IMGT	31	32	S	D	agc	gac	91	no
GCGCGATAGCTAGTGG-1_contig_2	VL	IGLV6-57*01	N/A	IGLJ3*02	CDR1-IMGT	32	33	N	R	aac	aga	94	no
GCGCGATAGCTAGTGG-1_contig_2	VL	IGLV6-57*01	N/A	IGLJ3*02	FR2-IMGT	35	40	Q	H	cag	cat	103	no
GCGCGATAGCTAGTGG-1_contig_2	VL	IGLV6-57*01	N/A	IGLJ3*02	FR2-IMGT	43	48	S	T	agt	act	127	no
GCGCGATAGCTAGTGG-1_contig_2	VL	IGLV6-57*01	N/A	IGLJ3*02	FR2-IMGT	49	54	I	I	atc	att	145	yes
GCGCGATAGCTAGTGG-1_contig_2	VL	IGLV6-57*01	N/A	IGLJ3*02	CDR2-IMGT	53	58	N	N	aac	aat	157	yes
GCGCGATAGCTAGTGG-1_contig_2	VL	IGLV6-57*01	N/A	IGLJ3*02	FR3-IMGT	61	73	D	E	gat	gag	181	no
GCGCGATAGCTAGTGG-1_contig_2	VL	IGLV6-57*01	N/A	IGLJ3*02	FR3-IMGT	69	81	S	G	agc	ggc	205	no
GCGCGATAGCTAGTGG-1_contig_2	VL	IGLV6-57*01	N/A	IGLJ3*02	FR3-IMGT	82	94	K	Q	aag	cag	244	no
GCGCGATAGCTAGTGG-1_contig_2	VL	IGLV6-57*01	N/A	IGLJ3*02	FR3-IMGT	83	95	T	P	act	cct	247	no
GCGCGATAGCTAGTGG-1_contig_2	VL	IGLV6-57*01	N/A	IGLJ3*02	FR3-IMGT	86	98	E	A	gag	gcg	256	no
GCGCGATAGCTAGTGG-1_contig_2	VL	IGLV6-57*01	N/A	IGLJ3*02	CDR3-IMGT (germline)	97	110	S	R	agc	cgc	289	no
GCGCGATAGCTAGTGG-1_contig_2	VL	IGLV6-57*01	N/A	IGLJ3*02	FR4-IMGT	8	125	Q	E	caa	gaa	318	no
GCGCGATAGCTAGTGG-1_contig_2	VL	IGLV6-57*01	N/A	IGLJ3*02	FR4-IMGT	10	127	D	V	gac	gtc	324	no
TTTGTCAAGCTAACAA-1_contig_2	VL	IGLV6-57*01	N/A	IGLJ3*02	FR1-IMGT	3	3	M	K	atg	aag	7	no
TTTGTCAAGCTAACAA-1_contig_2	VL	IGLV6-57*01	N/A	IGLJ3*02	FR1-IMGT	24	24	R	P	cgc	ccc	70	no
TTTGTCAAGCTAACAA-1_contig_2	VL	IGLV6-57*01	N/A	IGLJ3*02	CDR1-IMGT	28	29	S	N	agc	aac	82	no
TTTGTCAAGCTAACAA-1_contig_2	VL	IGLV6-57*01	N/A	IGLJ3*02	CDR1-IMGT	31	32	S	D	agc	gac	91	no
TTTGTCAAGCTAACAA-1_contig_2	VL	IGLV6-57*01	N/A	IGLJ3*02	CDR1-IMGT	32	33	N	R	aac	aga	94	no
TTTGTCAAGCTAACAA-1_contig_2	VL	IGLV6-57*01	N/A	IGLJ3*02	FR2-IMGT	35	40	Q	H	cag	cat	103	no
TTTGTCAAGCTAACAA-1_contig_2	VL	IGLV6-57*01	N/A	IGLJ3*02	FR2-IMGT	43	48	S	T	agt	act	127	no
TTTGTCAAGCTAACAA-1_contig_2	VL	IGLV6-57*01	N/A	IGLJ3*02	FR2-IMGT	49	54	I	I	atc	att	145	yes
TTTGTCAAGCTAACAA-1_contig_2	VL	IGLV6-57*01	N/A	IGLJ3*02	CDR2-IMGT	53	58	N	N	aac	aat	157	yes
TTTGTCAAGCTAACAA-1_contig_2	VL	IGLV6-57*01	N/A	IGLJ3*02	FR3-IMGT	61	73	D	E	gat	gag	181	no
TTTGTCAAGCTAACAA-1_contig_2	VL	IGLV6-57*01	N/A	IGLJ3*02	FR3-IMGT	69	81	S	G	agc	ggc	205	no
TTTGTCAAGCTAACAA-1_contig_2	VL	IGLV6-57*01	N/A	IGLJ3*02	FR3-IMGT	82	94	K	Q	aag	cag	244	no
TTTGTCAAGCTAACAA-1_contig_2	VL	IGLV6-57*01	N/A	IGLJ3*02	FR3-IMGT	83	95	T	P	act	cct	247	no
TTTGTCAAGCTAACAA-1_contig_2	VL	IGLV6-57*01	N/A	IGLJ3*02	FR3-IMGT	86	98	E	A	gag	gcg	256	no
TTTGTCAAGCTAACAA-1_contig_2	VL	IGLV6-57*01	N/A	IGLJ3*02	CDR3-IMGT (germline)	97	110	S	R	agc	cgc	289	no
TTTGTCAAGCTAACAA-1_contig_2	VL	IGLV6-57*01	N/A	IGLJ3*02	FR4-IMGT	8	125	Q	E	caa	gaa	318	no
TTTGTCAAGCTAACAA-1_contig_2	VL	IGLV6-57*01	N/A	IGLJ3*02	FR4-IMGT	10	127	D	V	gac	gtc	324	no
